name;cat1;cat2;cat3;arw_brand;sku;barcode;color;size;qty;price;spetial_price;description;material;img1;img2;img3;img4
Белье;Мужчинам;Одежда;Нижнее белье и одежда для дома;PHILIPP PLEIN;FW16HM732793;2000000077543;Белый;L;1;2100;2100;;Коттон, модал;FW16HM732793_PHILIPPPLEIN_belje_belyj_1.JPG;FW16HM732793_PHILIPPPLEIN_belje_belyj_2.JPG;FW16HM732793_PHILIPPPLEIN_belje_belyj_3.JPG;
Белье;Мужчинам;Одежда;Нижнее белье и одежда для дома;PHILIPP PLEIN;FW16HM732793;2000000077529;Белый;XL;1;2100;2100;;Коттон, модал;FW16HM732793_PHILIPPPLEIN_belje_belyj_1.JPG;FW16HM732793_PHILIPPPLEIN_belje_belyj_2.JPG;FW16HM732793_PHILIPPPLEIN_belje_belyj_3.JPG;
Белье;Мужчинам;Одежда;Нижнее белье и одежда для дома;PHILIPP PLEIN;FW16HM732793;2000000077512;Белый;XXL;1;2100;2100;;Коттон, модал;FW16HM732793_PHILIPPPLEIN_belje_belyj_1.JPG;FW16HM732793_PHILIPPPLEIN_belje_belyj_2.JPG;FW16HM732793_PHILIPPPLEIN_belje_belyj_3.JPG;
Белье;Мужчинам;Одежда;Нижнее белье и одежда для дома;PHILIPP PLEIN;FW16HM733417;2000000077581;Мульти;L;1;2100;2100;;Коттон, модал;FW16HM733417_PHILIPPPLEIN_belje_belyjchernyj_1.JPG;FW16HM733417_PHILIPPPLEIN_belje_belyjchernyj_2.JPG;FW16HM733417_PHILIPPPLEIN_belje_belyjchernyj_3.JPG;
Белье;Мужчинам;Одежда;Нижнее белье и одежда для дома;PHILIPP PLEIN;FW16HM733417;2000000077567;Мульти;XL;1;2100;2100;;Коттон, модал;FW16HM733417_PHILIPPPLEIN_belje_belyjchernyj_1.JPG;FW16HM733417_PHILIPPPLEIN_belje_belyjchernyj_2.JPG;FW16HM733417_PHILIPPPLEIN_belje_belyjchernyj_3.JPG;
Белье;Мужчинам;Одежда;Нижнее белье и одежда для дома;PHILIPP PLEIN;FW16HM733417;2000000077550;Мульти;XXL;1;2100;2100;;Коттон, модал;FW16HM733417_PHILIPPPLEIN_belje_belyjchernyj_1.JPG;FW16HM733417_PHILIPPPLEIN_belje_belyjchernyj_2.JPG;FW16HM733417_PHILIPPPLEIN_belje_belyjchernyj_3.JPG;
Белье;Мужчинам;Одежда;Нижнее белье и одежда для дома;PHILIPP PLEIN;FW16HM743331;2000000077703;Белый;L;1;2600;2600;;Коттон, модал;FW16HM743331_PHILIPPPLEIN_belje_belyj_1.JPG;FW16HM743331_PHILIPPPLEIN_belje_belyj_2.JPG;FW16HM743331_PHILIPPPLEIN_belje_belyj_3.JPG;
Белье;Мужчинам;Одежда;Нижнее белье и одежда для дома;PHILIPP PLEIN;FW16HM743331;2000000077680;Белый;XL;1;2600;2600;;Коттон, модал;FW16HM743331_PHILIPPPLEIN_belje_belyj_1.JPG;FW16HM743331_PHILIPPPLEIN_belje_belyj_2.JPG;FW16HM743331_PHILIPPPLEIN_belje_belyj_3.JPG;
Белье;Мужчинам;Одежда;Нижнее белье и одежда для дома;PHILIPP PLEIN;FW16HM743331;2000000077673;Белый;XXL;1;2600;2600;;Коттон, модал;FW16HM743331_PHILIPPPLEIN_belje_belyj_1.JPG;FW16HM743331_PHILIPPPLEIN_belje_belyj_2.JPG;FW16HM743331_PHILIPPPLEIN_belje_belyj_3.JPG;
Белье;Мужчинам;Одежда;Нижнее белье и одежда для дома;PHILIPP PLEIN;FW16HM743331;2000000077666;Темно-синий;L;3;2600;2600;;Коттон, модал;FW16HM743331_PHILIPPPLEIN_belje_temnosinij_1.JPG;FW16HM743331_PHILIPPPLEIN_belje_temnosinij_2.JPG;FW16HM743331_PHILIPPPLEIN_belje_temnosinij_3.JPG;
Белье;Мужчинам;Одежда;Нижнее белье и одежда для дома;PHILIPP PLEIN;FW16HM743331;2000000077659;Темно-синий;M;3;2600;2600;;Коттон, модал;FW16HM743331_PHILIPPPLEIN_belje_temnosinij_1.JPG;FW16HM743331_PHILIPPPLEIN_belje_temnosinij_2.JPG;FW16HM743331_PHILIPPPLEIN_belje_temnosinij_3.JPG;
Белье;Мужчинам;Одежда;Нижнее белье и одежда для дома;PHILIPP PLEIN;FW16HM743331;2000000077642;Темно-синий;XL;3;2600;2600;;Коттон, модал;FW16HM743331_PHILIPPPLEIN_belje_temnosinij_1.JPG;FW16HM743331_PHILIPPPLEIN_belje_temnosinij_2.JPG;FW16HM743331_PHILIPPPLEIN_belje_temnosinij_3.JPG;
Белье;Мужчинам;Одежда;Нижнее белье и одежда для дома;PHILIPP PLEIN;FW16HM743331;2000000077635;Темно-синий;XXL;3;2600;2600;;Коттон, модал;FW16HM743331_PHILIPPPLEIN_belje_temnosinij_1.JPG;FW16HM743331_PHILIPPPLEIN_belje_temnosinij_2.JPG;FW16HM743331_PHILIPPPLEIN_belje_temnosinij_3.JPG;
Белье;Мужчинам;Одежда;Нижнее белье и одежда для дома;PHILIPP PLEIN;FW16HM743331;2000000077628;Черный;L;3;2600;2600;;Коттон, модал;FW16HM743331_PHILIPPPLEIN_belje_chernyj_1.JPG;FW16HM743331_PHILIPPPLEIN_belje_chernyj_2.JPG;FW16HM743331_PHILIPPPLEIN_belje_chernyj_3.JPG;
Белье;Мужчинам;Одежда;Нижнее белье и одежда для дома;PHILIPP PLEIN;FW16HM743331;2000000077611;Черный;M;2;2600;2600;;Коттон, модал;FW16HM743331_PHILIPPPLEIN_belje_chernyj_1.JPG;FW16HM743331_PHILIPPPLEIN_belje_chernyj_2.JPG;FW16HM743331_PHILIPPPLEIN_belje_chernyj_3.JPG;
Белье;Мужчинам;Одежда;Нижнее белье и одежда для дома;PHILIPP PLEIN;FW16HM743331;2000000077604;Черный;XL;3;2600;2600;;Коттон, модал;FW16HM743331_PHILIPPPLEIN_belje_chernyj_1.JPG;FW16HM743331_PHILIPPPLEIN_belje_chernyj_2.JPG;FW16HM743331_PHILIPPPLEIN_belje_chernyj_3.JPG;
Белье;Мужчинам;Одежда;Нижнее белье и одежда для дома;PHILIPP PLEIN;FW16HM743331;2000000077598;Черный;XXL;3;2600;2600;;Коттон, модал;FW16HM743331_PHILIPPPLEIN_belje_chernyj_1.JPG;FW16HM743331_PHILIPPPLEIN_belje_chernyj_2.JPG;FW16HM743331_PHILIPPPLEIN_belje_chernyj_3.JPG;
Кошелек;Женщинам;Аксессуары;Другие аксессуары;PHILIPP PLEIN;FW16AW894453;2000000078175;Черный;UNI;2;10700;10700;;Натуральная кожа;FW16AW894453_PHILIPPPLEIN_koshelek_chernyj_1.JPG;FW16AW894453_PHILIPPPLEIN_koshelek_chernyj_2.JPG;FW16AW894453_PHILIPPPLEIN_koshelek_chernyj_3.JPG;
Кошелек;Женщинам;Аксессуары;Другие аксессуары;PHILIPP PLEIN;FW16AW894454;2000000078199;Черный;UNI;1;12550;12550;;Натуральная кожа;FW16AW894454_PHILIPPPLEIN_koshelek_chernyj_1.JPG;FW16AW894454_PHILIPPPLEIN_koshelek_chernyj_2.JPG;FW16AW894454_PHILIPPPLEIN_koshelek_chernyj_3.JPG;
Кошелек;Женщинам;Аксессуары;Другие аксессуары;PHILIPP PLEIN;FW16AW891815;2000000078168;Черный;UNI;1;14750;14750;;Коттон, полиэстер;FW16AW891815_PHILIPPPLEIN_koshelek_chernyj_1.JPG;FW16AW891815_PHILIPPPLEIN_koshelek_chernyj_2.JPG;FW16AW891815_PHILIPPPLEIN_koshelek_chernyj_3.JPG;
Кошелек;Мужчинам;Аксессуары;Другие аксессуары;PHILIPP PLEIN;FW16AM872291;2000000078144;Черный;UNI;2;9800;9800;;Натуральная кожа;FW16AM872291_PHILIPPPLEIN_koshelek_chernyj_1.JPG;FW16AM872291_PHILIPPPLEIN_koshelek_chernyj_2.JPG;FW16AM872291_PHILIPPPLEIN_koshelek_chernyj_3.JPG;
Кошелек;Мужчинам;Аксессуары;Другие аксессуары;PHILIPP PLEIN;FW16AM872281;2000000078137;Черный;UNI;2;9800;9800;;Натуральная кожа;FW16AM872281_PHILIPPPLEIN_koshelek_chernyj_1.JPG;FW16AM872281_PHILIPPPLEIN_koshelek_chernyj_2.JPG;FW16AM872281_PHILIPPPLEIN_koshelek_chernyj_3.JPG;
Цепочка;Женщинам;Аксессуары;Украшения;PHILIPP PLEIN;FW16AW864753;2000000078687;Золото;UNI;2;12950;12950;;Латунь, камни Swarovski;FW16AW864753_PHILIPPPLEIN_tsepochka_zolotoj_1.JPG;FW16AW864753_PHILIPPPLEIN_tsepochka_zolotoj_2.JPG;FW16AW864753_PHILIPPPLEIN_tsepochka_zolotoj_3.JPG;
Цепочка;Женщинам;Аксессуары;Украшения;PHILIPP PLEIN;FW16AW864753;2000000078670;Серебро;UNI;1;12950;12950;;Латунь, камни Swarovski;FW16AW864753_PHILIPPPLEIN_tsepochka_serebrenyj_1.JPG;FW16AW864753_PHILIPPPLEIN_tsepochka_serebrenyj_2.JPG;FW16AW864753_PHILIPPPLEIN_tsepochka_serebrenyj_3.JPG;
Цепочка;Женщинам;Аксессуары;Украшения;PHILIPP PLEIN;FW16AW864753;2000000078663;Черный;UNI;2;12950;12950;;Латунь, камни Swarovski;FW16AW864753_PHILIPPPLEIN_tsepochka_chernyj_1.JPG;FW16AW864753_PHILIPPPLEIN_tsepochka_chernyj_2.JPG;FW16AW864753_PHILIPPPLEIN_tsepochka_chernyj_3.JPG;
Очки;Мужчинам;Аксессуары;Другие аксессуары;PHILIPP PLEIN;FW16AU833125;2000000078052;Золото;UNI;1;12050;12050;;Сплав, стекло;FW16AU833125_PHILIPPPLEIN_ochki_zolotoj_1.JPG;FW16AU833125_PHILIPPPLEIN_ochki_zolotoj_2.JPG;FW16AU833125_PHILIPPPLEIN_ochki_zolotoj_3.JPG;FW16AU833125_PHILIPPPLEIN_ochki_zolotoj_4.JPG
Очки;Мужчинам;Аксессуары;Другие аксессуары;PHILIPP PLEIN;FW16AU833125;2000000078045;Розовый;UNI;2;12050;12050;;Сплав, стекло;FW16AU833125_PHILIPPPLEIN_ochki_rozovyj_1.JPG;FW16AU833125_PHILIPPPLEIN_ochki_rozovyj_2.JPG;FW16AU833125_PHILIPPPLEIN_ochki_rozovyj_3.JPG;FW16AU833125_PHILIPPPLEIN_ochki_rozovyj_4.JPG
Очки;Мужчинам;Аксессуары;Другие аксессуары;PHILIPP PLEIN;FW16AU833125;2000000078038;Мульти;UNI;2;12050;12050;;Сплав, стекло;FW16AU833125_PHILIPPPLEIN_ochki_serebrenyjchernyj_1.JPG;FW16AU833125_PHILIPPPLEIN_ochki_serebrenyjchernyj_2.JPG;FW16AU833125_PHILIPPPLEIN_ochki_serebrenyjchernyj_3.JPG;FW16AU833125_PHILIPPPLEIN_ochki_serebrenyjchernyj_4.JPG
Очки;Мужчинам;Аксессуары;Другие аксессуары;PHILIPP PLEIN;FW16AU833125;2000000078021;Черный;UNI;2;12050;12050;;Сплав, стекло;FW16AU833125_PHILIPPPLEIN_ochki_chernyj_1.JPG;FW16AU833125_PHILIPPPLEIN_ochki_chernyj_2.JPG;FW16AU833125_PHILIPPPLEIN_ochki_chernyj_3.JPG;FW16AU833125_PHILIPPPLEIN_ochki_chernyj_4.JPG
Ремень;Женщинам;Аксессуары;Ремни;PHILIPP PLEIN;FW16AW774570;2000000078625;Мульти;80;1;21450;21450;;Натуральная кожа;FW16AW774570_PHILIPPPLEIN_remen_chernyj_1.JPG;;;
Ремень;Женщинам;Аксессуары;Ремни;PHILIPP PLEIN;FW16AW774570;2000000078618;Мульти;85;1;21450;21450;;Натуральная кожа;FW16AW774570_PHILIPPPLEIN_remen_chernyj_1.JPG;;;
Ремень;Женщинам;Аксессуары;Ремни;PHILIPP PLEIN;FW16AW774570;2000000078601;Мульти;90;1;21450;21450;;Натуральная кожа;FW16AW774570_PHILIPPPLEIN_remen_chernyj_1.JPG;;;
Ремень;Мужчинам;Аксессуары;Ремни;PHILIPP PLEIN;FW16AM773169;2000000077901;Черный;105;1;16500;16500;;Натуральная кожа;FW16AM773169_PHILIPPPLEIN_remen_chernyj_1.JPG;;;
Ремень;Мужчинам;Аксессуары;Ремни;PHILIPP PLEIN;FW16AM773169;2000000077895;Черный;95;1;16500;16500;;Натуральная кожа;FW16AM773169_PHILIPPPLEIN_remen_chernyj_1.JPG;;;
Ремень;Мужчинам;Аксессуары;Ремни;PHILIPP PLEIN;FW16AM773174;2000000078120;Темно-синий;110;1;11650;11650;;Натуральная кожа;FW16AM773174_PHILIPPPLEIN_remen_temnosinij_1.JPG;;;
Ремень;Мужчинам;Аксессуары;Ремни;PHILIPP PLEIN;FW16AM773174;2000000077857;Черный;100;1;11650;11650;;Натуральная кожа;FW16AM773174_PHILIPPPLEIN_remen_chernyj_1.JPG;;;
Ремень;Мужчинам;Аксессуары;Ремни;PHILIPP PLEIN;FW16AM773174;2000000077840;Черный;105;2;11650;11650;;Натуральная кожа;FW16AM773174_PHILIPPPLEIN_remen_chernyj_1.JPG;;;
Ремень;Мужчинам;Аксессуары;Ремни;PHILIPP PLEIN;FW16AM773174;2000000077833;Черный;110;2;11650;11650;;Натуральная кожа;FW16AM773174_PHILIPPPLEIN_remen_chernyj_1.JPG;;;
Ремень;Мужчинам;Аксессуары;Ремни;PHILIPP PLEIN;FW16AM773174;2000000077826;Черный;95;1;11650;11650;;Натуральная кожа;FW16AM773174_PHILIPPPLEIN_remen_chernyj_1.JPG;;;
Ремень;Женщинам;Аксессуары;Ремни;PHILIPP PLEIN;FW16AW774571;2000000078656;Мульти;80;1;19650;19650;;Натуральная кожа;FW16AW774571_PHILIPPPLEIN_remen_chernyj_1.JPG;;;
Ремень;Женщинам;Аксессуары;Ремни;PHILIPP PLEIN;FW16AW774571;2000000078649;Мульти;85;1;19650;19650;;Натуральная кожа;FW16AW774571_PHILIPPPLEIN_remen_chernyj_1.JPG;;;
Ремень;Женщинам;Аксессуары;Ремни;PHILIPP PLEIN;FW16AW774571;2000000078632;Мульти;90;1;19650;19650;;Натуральная кожа;FW16AW774571_PHILIPPPLEIN_remen_chernyj_1.JPG;;;
Сумка ;Женщинам;Сумки;Сумки;PHILIPP PLEIN;FW16AW914434;2000000078519;Красный;UNI;1;41100;41100;;Натуральная кожа;FW16AW914434_PHILIPPPLEIN_sumka_krasnyj_1.JPG;FW16AW914434_PHILIPPPLEIN_sumka_krasnyj_2.JPG;FW16AW914434_PHILIPPPLEIN_sumka_krasnyj_3.JPG;FW16AW914434_PHILIPPPLEIN_sumka_krasnyj_4.JPG
Джинсы;Мужчинам;Одежда;Джинсы;PHILIPP PLEIN;FW16HD102084;2000000076690;Темно-синий;30;1;19400;19400;;Коттон;FW16HD102084_PHILIPPPLEIN_dzhinsy_temnosinij_1.JPG;FW16HD102084_PHILIPPPLEIN_dzhinsy_temnosinij_2.JPG;FW16HD102084_PHILIPPPLEIN_dzhinsy_temnosinij_3.JPG;
Джинсы;Мужчинам;Одежда;Джинсы;PHILIPP PLEIN;FW16HD102084;2000000076706;Темно-синий;31;1;19400;19400;;Коттон;FW16HD102084_PHILIPPPLEIN_dzhinsy_temnosinij_1.JPG;FW16HD102084_PHILIPPPLEIN_dzhinsy_temnosinij_2.JPG;FW16HD102084_PHILIPPPLEIN_dzhinsy_temnosinij_3.JPG;
Джинсы;Мужчинам;Одежда;Джинсы;PHILIPP PLEIN;FW16HD102084;2000000076676;Темно-синий;33;1;19400;19400;;Коттон;FW16HD102084_PHILIPPPLEIN_dzhinsy_temnosinij_1.JPG;FW16HD102084_PHILIPPPLEIN_dzhinsy_temnosinij_2.JPG;FW16HD102084_PHILIPPPLEIN_dzhinsy_temnosinij_3.JPG;
Джинсы;Мужчинам;Одежда;Джинсы;PHILIPP PLEIN;FW16HD102084;2000000076669;Темно-синий;34;1;19400;19400;;Коттон;FW16HD102084_PHILIPPPLEIN_dzhinsy_temnosinij_1.JPG;FW16HD102084_PHILIPPPLEIN_dzhinsy_temnosinij_2.JPG;FW16HD102084_PHILIPPPLEIN_dzhinsy_temnosinij_3.JPG;
Джинсы;Мужчинам;Одежда;Джинсы;PHILIPP PLEIN;FW16HD102084;2000000076652;Темно-синий;36;1;19400;19400;;Коттон;FW16HD102084_PHILIPPPLEIN_dzhinsy_temnosinij_1.JPG;FW16HD102084_PHILIPPPLEIN_dzhinsy_temnosinij_2.JPG;FW16HD102084_PHILIPPPLEIN_dzhinsy_temnosinij_3.JPG;
Джинсы;Мужчинам;Одежда;Джинсы;PHILIPP PLEIN;FW16HD112535;2000000076812;Синий;30;1;16300;16300;;Коттон, эластан;FW16HD112535_PHILIPPPLEIN_dzhinsy_sinij_1.JPG;FW16HD112535_PHILIPPPLEIN_dzhinsy_sinij_2.JPG;FW16HD112535_PHILIPPPLEIN_dzhinsy_sinij_3.JPG;
Джинсы;Мужчинам;Одежда;Джинсы;PHILIPP PLEIN;FW16HD112535;2000000076805;Синий;31;1;16300;16300;;Коттон, эластан;FW16HD112535_PHILIPPPLEIN_dzhinsy_sinij_1.JPG;FW16HD112535_PHILIPPPLEIN_dzhinsy_sinij_2.JPG;FW16HD112535_PHILIPPPLEIN_dzhinsy_sinij_3.JPG;
Джинсы;Мужчинам;Одежда;Джинсы;PHILIPP PLEIN;FW16HD112535;2000000076775;Синий;34;1;16300;16300;;Коттон, эластан;FW16HD112535_PHILIPPPLEIN_dzhinsy_sinij_1.JPG;FW16HD112535_PHILIPPPLEIN_dzhinsy_sinij_2.JPG;FW16HD112535_PHILIPPPLEIN_dzhinsy_sinij_3.JPG;
Джинсы;Мужчинам;Одежда;Джинсы;PHILIPP PLEIN;FW16HD112535;2000000076768;Синий;36;1;16300;16300;;Коттон, эластан;FW16HD112535_PHILIPPPLEIN_dzhinsy_sinij_1.JPG;FW16HD112535_PHILIPPPLEIN_dzhinsy_sinij_2.JPG;FW16HD112535_PHILIPPPLEIN_dzhinsy_sinij_3.JPG;
Жилет ;Мужчинам;Одежда;Куртки и жилеты;PHILIPP PLEIN;FW16HM263281f;2000000076966;Черный;L;1;62000;62000;;Полиамид, полиуретан;FW16HM263281f_PHILIPPPLEIN_zhilet_chernyj_1.JPG;FW16HM263281f_PHILIPPPLEIN_zhilet_chernyj_2.JPG;FW16HM263281f_PHILIPPPLEIN_zhilet_chernyj_3.JPG;
Жилет ;Мужчинам;Одежда;Куртки и жилеты;PHILIPP PLEIN;FW16HM263281f;2000000076959;Черный;M;1;62000;62000;;Полиамид, полиуретан;FW16HM263281f_PHILIPPPLEIN_zhilet_chernyj_1.JPG;FW16HM263281f_PHILIPPPLEIN_zhilet_chernyj_2.JPG;FW16HM263281f_PHILIPPPLEIN_zhilet_chernyj_3.JPG;
Жилет ;Мужчинам;Одежда;Куртки и жилеты;PHILIPP PLEIN;FW16HM263281f;2000000076942;Черный;XL;1;62000;62000;;Полиамид, полиуретан;FW16HM263281f_PHILIPPPLEIN_zhilet_chernyj_1.JPG;FW16HM263281f_PHILIPPPLEIN_zhilet_chernyj_2.JPG;FW16HM263281f_PHILIPPPLEIN_zhilet_chernyj_3.JPG;
Жилет ;Женщинам;Одежда;Жакеты, пиджаки и жилеты;PHILIPP PLEIN;FW16CW264598f;2000000076041;Мульти;L;1;58300;58300;;Полиамид;FW16CW264598f_PHILIPPPLEIN_zhilet_sinijchernyj_1.JPG;FW16CW264598f_PHILIPPPLEIN_zhilet_sinijchernyj_2.JPG;FW16CW264598f_PHILIPPPLEIN_zhilet_sinijchernyj_3.JPG;
Жилет ;Женщинам;Одежда;Жакеты, пиджаки и жилеты;PHILIPP PLEIN;FW16CW264598f;2000000076034;Мульти;M;1;58300;58300;;Полиамид;FW16CW264598f_PHILIPPPLEIN_zhilet_sinijchernyj_1.JPG;FW16CW264598f_PHILIPPPLEIN_zhilet_sinijchernyj_2.JPG;FW16CW264598f_PHILIPPPLEIN_zhilet_sinijchernyj_3.JPG;
Жилет ;Женщинам;Одежда;Жакеты, пиджаки и жилеты;PHILIPP PLEIN;FW16CW264598f;2000000076027;Мульти;S;1;58300;58300;;Полиамид;FW16CW264598f_PHILIPPPLEIN_zhilet_sinijchernyj_1.JPG;FW16CW264598f_PHILIPPPLEIN_zhilet_sinijchernyj_2.JPG;FW16CW264598f_PHILIPPPLEIN_zhilet_sinijchernyj_3.JPG;
Жилет ;Женщинам;Одежда;Жакеты, пиджаки и жилеты;PHILIPP PLEIN;FW16CW264599f;2000000076072;Черный;L;1;64100;64100;;Полиамид;FW16CW264599f_PHILIPPPLEIN_zhilet_chernyj_1.JPG;FW16CW264599f_PHILIPPPLEIN_zhilet_chernyj_2.JPG;FW16CW264599f_PHILIPPPLEIN_zhilet_chernyj_3.JPG;
Жилет ;Женщинам;Одежда;Жакеты, пиджаки и жилеты;PHILIPP PLEIN;FW16CW264599f;2000000076065;Черный;M;1;64100;64100;;Полиамид;FW16CW264599f_PHILIPPPLEIN_zhilet_chernyj_1.JPG;FW16CW264599f_PHILIPPPLEIN_zhilet_chernyj_2.JPG;FW16CW264599f_PHILIPPPLEIN_zhilet_chernyj_3.JPG;
Жилет ;Женщинам;Одежда;Жакеты, пиджаки и жилеты;PHILIPP PLEIN;FW16CW264599f;2000000076058;Черный;S;1;64100;64100;;Полиамид;FW16CW264599f_PHILIPPPLEIN_zhilet_chernyj_1.JPG;FW16CW264599f_PHILIPPPLEIN_zhilet_chernyj_2.JPG;FW16CW264599f_PHILIPPPLEIN_zhilet_chernyj_3.JPG;
Куртка ;Мужчинам;Одежда;Куртки и жилеты;PHILIPP PLEIN;FW16HM244002;2000000076935;Черный;L;1;116600;116600;;Шерсть,полиэстер;FW16HM244002_PHILIPPPLEIN_kurtka_chernyj_1.JPG;FW16HM244002_PHILIPPPLEIN_kurtka_chernyj_2.JPG;FW16HM244002_PHILIPPPLEIN_kurtka_chernyj_3.JPG;
Куртка ;Мужчинам;Одежда;Куртки и жилеты;PHILIPP PLEIN;FW16HM244002;2000000076928;Черный;XL;1;116600;116600;;Шерсть,полиэстер;FW16HM244002_PHILIPPPLEIN_kurtka_chernyj_1.JPG;FW16HM244002_PHILIPPPLEIN_kurtka_chernyj_2.JPG;FW16HM244002_PHILIPPPLEIN_kurtka_chernyj_3.JPG;
Куртка ;Мужчинам;Одежда;Куртки и жилеты;PHILIPP PLEIN;FW16HM243288;2000000076904;Черный;L;1;77700;77700;;Полиамид;FW16HM243288_PHILIPPPLEIN_kurtka_chernyj_1.JPG;FW16HM243288_PHILIPPPLEIN_kurtka_chernyj_2.JPG;FW16HM243288_PHILIPPPLEIN_kurtka_chernyj_3.JPG;
Куртка;Мужчинам;Одежда;Куртки и жилеты;PHILIPP PLEIN;FW16HM243288;2000000076898;Черный;XXL;1;77700;77700;;Полиамид;FW16HM243288_PHILIPPPLEIN_kurtka_chernyj_1.JPG;FW16HM243288_PHILIPPPLEIN_kurtka_chernyj_2.JPG;FW16HM243288_PHILIPPPLEIN_kurtka_chernyj_3.JPG;
Куртка ;Мужчинам;Одежда;Куртки и жилеты;PHILIPP PLEIN;FW16HM243288;2000000076881;Черный;3XL;1;77700;77700;;Полиамид;FW16HM243288_PHILIPPPLEIN_kurtka_chernyj_1.JPG;FW16HM243288_PHILIPPPLEIN_kurtka_chernyj_2.JPG;FW16HM243288_PHILIPPPLEIN_kurtka_chernyj_3.JPG;
Куртка ;Женщинам;Одежда;Куртки и жилеты;PHILIPP PLEIN;FW16CW214600f;2000000075730;Черный;L;1;71900;71900;;Полиамид;FW16CW214600f_PHILIPPPLEIN_kurtka_chernyj_1.JPG;FW16CW214600f_PHILIPPPLEIN_kurtka_chernyj_2.JPG;FW16CW214600f_PHILIPPPLEIN_kurtka_chernyj_3.JPG;
Куртка ;Женщинам;Одежда;Куртки и жилеты;PHILIPP PLEIN;FW16CW214600f;2000000075747;Черный;M;1;71900;71900;;Полиамид;FW16CW214600f_PHILIPPPLEIN_kurtka_chernyj_1.JPG;FW16CW214600f_PHILIPPPLEIN_kurtka_chernyj_2.JPG;FW16CW214600f_PHILIPPPLEIN_kurtka_chernyj_3.JPG;
Свитер;Женщинам;Одежда;Свитеры, кофты и кардиганы;PHILIPP PLEIN;FW16CW623444;2000000076409;Черный;M;1;28900;28900;;Вискоза, полиэстер;FW16CW623444_PHILIPPPLEIN_sviter_chernyj_1.JPG;FW16CW623444_PHILIPPPLEIN_sviter_chernyj_2.JPG;FW16CW623444_PHILIPPPLEIN_sviter_chernyj_3.JPG;
Свитер;Женщинам;Одежда;Свитеры, кофты и кардиганы;PHILIPP PLEIN;FW16CW623444;2000000076393;Черный;S;1;28900;28900;;Вискоза, полиэстер;FW16CW623444_PHILIPPPLEIN_sviter_chernyj_1.JPG;FW16CW623444_PHILIPPPLEIN_sviter_chernyj_2.JPG;FW16CW623444_PHILIPPPLEIN_sviter_chernyj_3.JPG;
Свитер;Женщинам;Одежда;Свитеры, кофты и кардиганы;PHILIPP PLEIN;FW16CW623444;2000000076386;Черный;XS;1;28900;28900;;Вискоза, полиэстер;FW16CW623444_PHILIPPPLEIN_sviter_chernyj_1.JPG;FW16CW623444_PHILIPPPLEIN_sviter_chernyj_2.JPG;FW16CW623444_PHILIPPPLEIN_sviter_chernyj_3.JPG;
Свитер;Женщинам;Одежда;Свитеры, кофты и кардиганы;PHILIPP PLEIN;FW16CW621494;2000000078793;Черный;M;3;33100;33100;;Вискоза, шерсть;FW16CW621494_PHILIPPPLEIN_sviter_chernyj_1.JPG;FW16CW621494_PHILIPPPLEIN_sviter_chernyj_2.JPG;FW16CW621494_PHILIPPPLEIN_sviter_chernyj_3.JPG;
Свитер;Женщинам;Одежда;Свитеры, кофты и кардиганы;PHILIPP PLEIN;FW16CW621494;2000000078786;Черный;S;3;33100;33100;;Вискоза, шерсть;FW16CW621494_PHILIPPPLEIN_sviter_chernyj_1.JPG;FW16CW621494_PHILIPPPLEIN_sviter_chernyj_2.JPG;FW16CW621494_PHILIPPPLEIN_sviter_chernyj_3.JPG;
Свитер;Женщинам;Одежда;Свитеры, кофты и кардиганы;PHILIPP PLEIN;FW16CW621494;2000000078779;Черный;XS;1;33100;33100;;Вискоза, шерсть;FW16CW621494_PHILIPPPLEIN_sviter_chernyj_1.JPG;FW16CW621494_PHILIPPPLEIN_sviter_chernyj_2.JPG;FW16CW621494_PHILIPPPLEIN_sviter_chernyj_3.JPG;
Платье;Женщинам;Одежда;Платья и юбки;PHILIPP PLEIN;FW16CW411496;2000000078762;Черный;M;2;46700;46700;;Вискоза, шерсть;FW16CW411496_PHILIPPPLEIN_plate_chernyj_1.JPG;FW16CW411496_PHILIPPPLEIN_plate_chernyj_2.JPG;FW16CW411496_PHILIPPPLEIN_plate_chernyj_3.JPG;FW16CW411496_PHILIPPPLEIN_plate_chernyj_4.JPG
Футболка ;Мужчинам;Одежда;Футболки и майки;PHILIPP PLEIN;FW16HM342726;2000000075815;Белый;M;1;11600;11600;;Коттон;FW16HM342726_PHILIPPPLEIN_futbolka_belyj_1.JPG;FW16HM342726_PHILIPPPLEIN_futbolka_belyj_2.JPG;FW16HM342726_PHILIPPPLEIN_futbolka_belyj_3.JPG;
Футболка ;Мужчинам;Одежда;Футболки и майки;PHILIPP PLEIN;FW16HM342726;2000000075822;Белый;S;1;11600;11600;;Коттон;FW16HM342726_PHILIPPPLEIN_futbolka_belyj_1.JPG;FW16HM342726_PHILIPPPLEIN_futbolka_belyj_2.JPG;FW16HM342726_PHILIPPPLEIN_futbolka_belyj_3.JPG;
Футболка ;Мужчинам;Одежда;Футболки и майки;PHILIPP PLEIN;FW16HM342726;2000000075839;Белый;XL;1;11600;11600;;Коттон;FW16HM342726_PHILIPPPLEIN_futbolka_belyj_1.JPG;FW16HM342726_PHILIPPPLEIN_futbolka_belyj_2.JPG;FW16HM342726_PHILIPPPLEIN_futbolka_belyj_3.JPG;
Футболка ;Мужчинам;Одежда;Футболки и майки;PHILIPP PLEIN;FW16HM342726;2000000075846;Белый;XXL;1;11600;11600;;Коттон;FW16HM342726_PHILIPPPLEIN_futbolka_belyj_1.JPG;FW16HM342726_PHILIPPPLEIN_futbolka_belyj_2.JPG;FW16HM342726_PHILIPPPLEIN_futbolka_belyj_3.JPG;
Футболка ;Мужчинам;Одежда;Футболки и майки;PHILIPP PLEIN;FW16HM342726;2000000075853;Черный;L;1;11600;11600;;Коттон;FW16HM342726_PHILIPPPLEIN_futbolka_chernyj_1.JPG;FW16HM342726_PHILIPPPLEIN_futbolka_chernyj_2.JPG;FW16HM342726_PHILIPPPLEIN_futbolka_chernyj_3.JPG;
Футболка ;Мужчинам;Одежда;Футболки и майки;PHILIPP PLEIN;FW16HM342726;2000000075860;Черный;M;1;11600;11600;;Коттон;FW16HM342726_PHILIPPPLEIN_futbolka_chernyj_1.JPG;FW16HM342726_PHILIPPPLEIN_futbolka_chernyj_2.JPG;FW16HM342726_PHILIPPPLEIN_futbolka_chernyj_3.JPG;
Футболка ;Мужчинам;Одежда;Футболки и майки;PHILIPP PLEIN;FW16HM342726;2000000075877;Черный;S;1;11600;11600;;Коттон;FW16HM342726_PHILIPPPLEIN_futbolka_chernyj_1.JPG;FW16HM342726_PHILIPPPLEIN_futbolka_chernyj_2.JPG;FW16HM342726_PHILIPPPLEIN_futbolka_chernyj_3.JPG;
Футболка ;Мужчинам;Одежда;Футболки и майки;PHILIPP PLEIN;FW16HM342726;2000000075884;Черный;XL;1;11600;11600;;Коттон;FW16HM342726_PHILIPPPLEIN_futbolka_chernyj_1.JPG;FW16HM342726_PHILIPPPLEIN_futbolka_chernyj_2.JPG;FW16HM342726_PHILIPPPLEIN_futbolka_chernyj_3.JPG;
Футболка ;Мужчинам;Одежда;Футболки и майки;PHILIPP PLEIN;FW16HM342726;2000000075891;Черный;XXL;1;11600;11600;;Коттон;FW16HM342726_PHILIPPPLEIN_futbolka_chernyj_1.JPG;FW16HM342726_PHILIPPPLEIN_futbolka_chernyj_2.JPG;FW16HM342726_PHILIPPPLEIN_futbolka_chernyj_3.JPG;
Футболка ;Женщинам;Одежда;Футболки, топы и майки;PHILIPP PLEIN;FW16CW344108;2000000076157;Серый;L;1;14700;14700;;Коттон;FW16CW344108_PHILIPPPLEIN_futbolka_seryj_1.JPG;FW16CW344108_PHILIPPPLEIN_futbolka_seryj_2.JPG;FW16CW344108_PHILIPPPLEIN_futbolka_seryj_3.JPG;
Футболка ;Женщинам;Одежда;Футболки, топы и майки;PHILIPP PLEIN;FW16CW344108;2000000076119;Черный;L;1;14700;14700;;Коттон;FW16CW344108_PHILIPPPLEIN_futbolka_chernyj_1.JPG;FW16CW344108_PHILIPPPLEIN_futbolka_chernyj_2.JPG;FW16CW344108_PHILIPPPLEIN_futbolka_chernyj_3.JPG;
Футболка ;Женщинам;Одежда;Футболки, топы и майки;PHILIPP PLEIN;FW16CW344108;2000000076102;Черный;M;1;14700;14700;;Коттон;FW16CW344108_PHILIPPPLEIN_futbolka_chernyj_1.JPG;FW16CW344108_PHILIPPPLEIN_futbolka_chernyj_2.JPG;FW16CW344108_PHILIPPPLEIN_futbolka_chernyj_3.JPG;
Футболка ;Женщинам;Одежда;Футболки, топы и майки;PHILIPP PLEIN;FW16CW344108;2000000076089;Черный;XS;1;14700;14700;;Коттон;FW16CW344108_PHILIPPPLEIN_futbolka_chernyj_1.JPG;FW16CW344108_PHILIPPPLEIN_futbolka_chernyj_2.JPG;FW16CW344108_PHILIPPPLEIN_futbolka_chernyj_3.JPG;
Футболка ;Женщинам;Одежда;Футболки, топы и майки;PHILIPP PLEIN;FW16CW344503;2000000076379;Черный;M;1;23100;23100;;коттон,полиэстер;FW16CW344503_PHILIPPPLEIN_futbolka_chernyj_1.JPG;FW16CW344503_PHILIPPPLEIN_futbolka_chernyj_2.JPG;FW16CW344503_PHILIPPPLEIN_futbolka_chernyj_3.JPG;
Шапка ;Мужчинам;Аксессуары;Головные уборы и шарфы;PHILIPP PLEIN;FW16AM803421;2000000078557;Серый;UNI;10;5850;5850;;шерсть;FW16AM803421_PHILIPPPLEIN_shapka_seryj_1.JPG;FW16AM803421_PHILIPPPLEIN_shapka_seryj_2.JPG;;
Шапка ;Мужчинам;Аксессуары;Головные уборы и шарфы;PHILIPP PLEIN;FW16AM803421;2000000078540;Красный;UNI;10;5850;5850;;шерсть;FW16AM803421_PHILIPPPLEIN_shapka_krasnyj_1.JPG;FW16AM803421_PHILIPPPLEIN_shapka_krasnyj_2.JPG;;
Шапка ;Мужчинам;Аксессуары;Головные уборы и шарфы;PHILIPP PLEIN;FW16AM803422;2000000078588;Серый;UNI;10;6200;6200;;шерсть;FW16AM803422_PHILIPPPLEIN_shapka_seryj_1.JPG;FW16AM803422_PHILIPPPLEIN_shapka_seryj_2.JPG;;
Шапка ;Мужчинам;Аксессуары;Головные уборы и шарфы;PHILIPP PLEIN;FW16AM803422;2000000078571;Красный;UNI;10;6200;6200;;шерсть;FW16AM803422_PHILIPPPLEIN_shapka_krasnyj_1.JPG;FW16AM803422_PHILIPPPLEIN_shapka_krasnyj_2.JPG;;
Шапка ;Мужчинам;Аксессуары;Головные уборы и шарфы;PHILIPP PLEIN;FW16AM803422;2000000078564;Черный;UNI;9;6200;6200;;шерсть;FW16AM803422_PHILIPPPLEIN_shapka_chernyj_1.JPG;FW16AM803422_PHILIPPPLEIN_shapka_chernyj_2.JPG;;
Шапка ;Мужчинам;Аксессуары;Головные уборы и шарфы;PHILIPP PLEIN;FW16AM803423;2000000078595;Серый;UNI;3;9800;9800;;кашемир;FW16AM803423_PHILIPPPLEIN_shapka_seryj_1.JPG;FW16AM803423_PHILIPPPLEIN_shapka_seryj_2.JPG;;
Шарф ;Мужчинам;Аксессуары;Головные уборы и шарфы;PHILIPP PLEIN;FW16AM753426;2000000077789;Серый;UNI;3;11150;11150;;шерсть;FW16AM753426_PHILIPPPLEIN_sharf_seryj_1.JPG;;;
Шарф ;Мужчинам;Аксессуары;Головные уборы и шарфы;PHILIPP PLEIN;FW16AM753426;2000000077772;Красный;UNI;2;11150;11150;;шерсть;FW16AM753426_PHILIPPPLEIN_sharf_krasnyj_1.JPG;;;
Шарф ;Мужчинам;Аксессуары;Головные уборы и шарфы;PHILIPP PLEIN;FW16AM753426;2000000077765;Черный;UNI;3;11150;11150;;шерсть;FW16AM753426_PHILIPPPLEIN_sharf_chernyj_1.JPG;;;
Кошелек;Мужчинам;Аксессуары;Другие аксессуары;PHILIPP PLEIN;SS16AM982904;2000000079677;Черный;UNI;1;9750;9750;;Натуральная кожа;SS16AM982904_PHILIPPPLEIN_koshelek_chernyj_1.JPG;SS16AM982904_PHILIPPPLEIN_koshelek_chernyj_2.JPG;SS16AM982904_PHILIPPPLEIN_koshelek_chernyj_3.JPG;SS16AM982904_PHILIPPPLEIN_koshelek_chernyj_4.JPG
Джинсы;Мужчинам;Одежда;Джинсы;PHILIPP PLEIN;SS16HM582805;2000000079424;Темно-синий;32;1;23350;11675;;Коттон, эластан;SS16HM582805_PHILIPPPLEIN_dzhinsy_temnosinij_1.JPG;SS16HM582805_PHILIPPPLEIN_dzhinsy_temnosinij_2.JPG;SS16HM582805_PHILIPPPLEIN_dzhinsy_temnosinij_3.JPG;
Джинсы;Мужчинам;Одежда;Джинсы;PHILIPP PLEIN;SS16HM582805;2000000079417;Темно-синий;33;1;23350;11675;;Коттон, эластан;SS16HM582805_PHILIPPPLEIN_dzhinsy_temnosinij_1.JPG;SS16HM582805_PHILIPPPLEIN_dzhinsy_temnosinij_2.JPG;SS16HM582805_PHILIPPPLEIN_dzhinsy_temnosinij_3.JPG;
Джинсы;Мужчинам;Одежда;Джинсы;PHILIPP PLEIN;SS16HM590990;2000000079592;Темно-синий;30;1;11600;5800;;Коттон, эластан;SS16HM590990_PHILIPPPLEIN_dzhinsy_temnosinij_1.JPG;SS16HM590990_PHILIPPPLEIN_dzhinsy_temnosinij_2.JPG;SS16HM590990_PHILIPPPLEIN_dzhinsy_temnosinij_3.JPG;
Джинсы;Мужчинам;Одежда;Джинсы;PHILIPP PLEIN;SS16HM590990;2000000079554;Темно-синий;34;1;11600;5800;;Коттон, эластан;SS16HM590990_PHILIPPPLEIN_dzhinsy_temnosinij_1.JPG;SS16HM590990_PHILIPPPLEIN_dzhinsy_temnosinij_2.JPG;SS16HM590990_PHILIPPPLEIN_dzhinsy_temnosinij_3.JPG;
Джинсы ;Мужчинам;Одежда;Джинсы;PHILIPP PLEIN;SS16HM590994;2000000079479;Темно-синий;31;1;12600;6300;;Коттон;SS16HM590994_PHILIPPPLEIN_dzhinsy_temnosinij_1.JPG;SS16HM590994_PHILIPPPLEIN_dzhinsy_temnosinij_2.JPG;SS16HM590994_PHILIPPPLEIN_dzhinsy_temnosinij_3.JPG;
Джинсы;Мужчинам;Одежда;Джинсы;PHILIPP PLEIN;SS16HM590994;2000000079455;Темно-синий;33;1;12600;6300;;Коттон;SS16HM590994_PHILIPPPLEIN_dzhinsy_temnosinij_1.JPG;SS16HM590994_PHILIPPPLEIN_dzhinsy_temnosinij_2.JPG;SS16HM590994_PHILIPPPLEIN_dzhinsy_temnosinij_3.JPG;
Джинсы;Мужчинам;Одежда;Джинсы;PHILIPP PLEIN;SS16HM590994;2000000079448;Темно-синий;34;2;12600;6300;;Коттон;SS16HM590994_PHILIPPPLEIN_dzhinsy_temnosinij_1.JPG;SS16HM590994_PHILIPPPLEIN_dzhinsy_temnosinij_2.JPG;SS16HM590994_PHILIPPPLEIN_dzhinsy_temnosinij_3.JPG;
Джинсы;Мужчинам;Одежда;Джинсы;PHILIPP PLEIN;SS16HM590994;2000000079431;Темно-синий;36;1;12600;6300;;Коттон;SS16HM590994_PHILIPPPLEIN_dzhinsy_temnosinij_1.JPG;SS16HM590994_PHILIPPPLEIN_dzhinsy_temnosinij_2.JPG;SS16HM590994_PHILIPPPLEIN_dzhinsy_temnosinij_3.JPG;
Рюкзак ;Мужчинам;Аксессуары;Сумки и рюкзаки;PHILIPP PLEIN;SS16AM943663;2000000079684;Черный;UNI;1;29300;29300;;Полиуретан;SS16AM943663_PHILIPPPLEIN_ryukzak_chernyj_1.JPG;SS16AM943663_PHILIPPPLEIN_ryukzak_chernyj_2.JPG;SS16AM943663_PHILIPPPLEIN_ryukzak_chernyj_3.JPG;SS16AM943663_PHILIPPPLEIN_ryukzak_chernyj_4.JPG
Рюкзак ;Женщинам;Сумки;Рюкзаки;PHILIPP PLEIN;SS16AW943648;2000000079660;Белый;UNI;1;23950;23950;;Поливинилхлорид;SS16AW943648_PHILIPPPLEIN_ryukzak_belyj_1.JPG;SS16AW943648_PHILIPPPLEIN_ryukzak_belyj_2.JPG;SS16AW943648_PHILIPPPLEIN_ryukzak_belyj_3.JPG;SS16AW943648_PHILIPPPLEIN_ryukzak_belyj_4.JPG
Рюкзак ;Женщинам;Сумки;Рюкзаки;PHILIPP PLEIN;SS16AW943648;2000000079653;Черный;UNI;5;23950;23950;;Поливинилхлорид;SS16AW943648_PHILIPPPLEIN_ryukzak_chernyj_1.JPG;SS16AW943648_PHILIPPPLEIN_ryukzak_chernyj_2.JPG;SS16AW943648_PHILIPPPLEIN_ryukzak_chernyj_3.JPG;SS16AW943648_PHILIPPPLEIN_ryukzak_chernyj_4.JPG
Футболка ;Мужчинам;Одежда;Футболки и майки;PHILIPP PLEIN;SS16HM342578-1;2000000079356;Черный;XL;1;10350;5175;;Коттон;SS16HM342578-1_PHILIPPPLEIN_futbolka_chernyj_1.JPG;SS16HM342578-1_PHILIPPPLEIN_futbolka_chernyj_2.JPG;SS16HM342578-1_PHILIPPPLEIN_futbolka_chernyj_3.JPG;
Футболка ;Мужчинам;Одежда;Футболки и майки;PHILIPP PLEIN;SS16HM352823;2000000079646;Белый;L;1;13700;6850;;Коттон;SS16HM352823_PHILIPPPLEIN_futbolka_belyj_1.JPG;SS16HM352823_PHILIPPPLEIN_futbolka_belyj_2.JPG;SS16HM352823_PHILIPPPLEIN_futbolka_belyj_3.JPG;
Футболка ;Мужчинам;Одежда;Футболки и майки;PHILIPP PLEIN;SS16HM352823;2000000079639;Белый;XL;1;13700;6850;;Коттон;SS16HM352823_PHILIPPPLEIN_futbolka_belyj_1.JPG;SS16HM352823_PHILIPPPLEIN_futbolka_belyj_2.JPG;SS16HM352823_PHILIPPPLEIN_futbolka_belyj_3.JPG;
Кроссовки;Мужчинам;Обувь;Спортивная обувь;PHILIPP PLEIN;F016SM174647;2000000078076;Черный;40;1;23200;23200;;Натуральная кожа, полиамид;F016SM174647_PHILIPPPLEIN_krosovki_chernyj_1.JPG;F016SM174647_PHILIPPPLEIN_krosovki_chernyj_2.JPG;F016SM174647_PHILIPPPLEIN_krosovki_chernyj_3.JPG;
Кроссовки;Мужчинам;Обувь;Спортивная обувь;PHILIPP PLEIN;F016SM174647;2000000077727;Черный;44;1;23200;23200;;Натуральная кожа, полиамид;F016SM174647_PHILIPPPLEIN_krosovki_chernyj_1.JPG;F016SM174647_PHILIPPPLEIN_krosovki_chernyj_2.JPG;F016SM174647_PHILIPPPLEIN_krosovki_chernyj_3.JPG;
Кроссовки;Мужчинам;Обувь;Спортивная обувь;PHILIPP PLEIN;F016SM174647;2000000077710;Черный;45;1;23200;23200;;Натуральная кожа, полиамид;F016SM174647_PHILIPPPLEIN_krosovki_chernyj_1.JPG;F016SM174647_PHILIPPPLEIN_krosovki_chernyj_2.JPG;F016SM174647_PHILIPPPLEIN_krosovki_chernyj_3.JPG;
Кроссовки;Женщинам;Обувь;Спортивная обувь;PHILIPP PLEIN;FW16SW171048;2000000078489;Мульти;36;1;29050;29050;;Натуральная кожа;FW16SW171048_PHILIPPPLEIN_krosovki_sinijchernyj_1.JPG;FW16SW171048_PHILIPPPLEIN_krosovki_sinijchernyj_2.JPG;FW16SW171048_PHILIPPPLEIN_krosovki_sinijchernyj_3.JPG;
Кроссовки;Женщинам;Обувь;Спортивная обувь;PHILIPP PLEIN;FW16SW171048;2000000078472;Мульти;37;1;29050;29050;;Натуральная кожа;FW16SW171048_PHILIPPPLEIN_krosovki_sinijchernyj_1.JPG;FW16SW171048_PHILIPPPLEIN_krosovki_sinijchernyj_2.JPG;FW16SW171048_PHILIPPPLEIN_krosovki_sinijchernyj_3.JPG;
Кроссовки;Женщинам;Обувь;Спортивная обувь;PHILIPP PLEIN;FW16SW171048;2000000078458;Мульти;39;1;29050;29050;;Натуральная кожа;FW16SW171048_PHILIPPPLEIN_krosovki_sinijchernyj_1.JPG;FW16SW171048_PHILIPPPLEIN_krosovki_sinijchernyj_2.JPG;FW16SW171048_PHILIPPPLEIN_krosovki_sinijchernyj_3.JPG;
Кроссовки;Женщинам;Обувь;Спортивная обувь;PHILIPP PLEIN;FW16SW171048;2000000078441;Мульти;36;1;29050;29050;;Натуральная кожа;FW16SW171048_PHILIPPPLEIN_krosovki_krasnyjchernyj_1.JPG;FW16SW171048_PHILIPPPLEIN_krosovki_krasnyjchernyj_2.JPG;FW16SW171048_PHILIPPPLEIN_krosovki_krasnyjchernyj_3.JPG;
Кроссовки;Женщинам;Обувь;Спортивная обувь;PHILIPP PLEIN;FW16SW171048;2000000078427;Мульти;38;1;29050;29050;;Натуральная кожа;FW16SW171048_PHILIPPPLEIN_krosovki_krasnyjchernyj_1.JPG;FW16SW171048_PHILIPPPLEIN_krosovki_krasnyjchernyj_2.JPG;FW16SW171048_PHILIPPPLEIN_krosovki_krasnyjchernyj_3.JPG;
Кроссовки;Женщинам;Обувь;Спортивная обувь;PHILIPP PLEIN;FW16SW171048;2000000078410;Мульти;39;1;29050;29050;;Натуральная кожа;FW16SW171048_PHILIPPPLEIN_krosovki_krasnyjchernyj_1.JPG;FW16SW171048_PHILIPPPLEIN_krosovki_krasnyjchernyj_2.JPG;FW16SW171048_PHILIPPPLEIN_krosovki_krasnyjchernyj_3.JPG;
Сапоги ;Женщинам;Обувь;Сапоги;PHILIPP PLEIN;FW16SW111355;2000000078878;Черный;35;1;21950;21950;;Резина, металл;FW16SW111355_PHILIPPPLEIN_sapogi_chernyj_1.JPG;FW16SW111355_PHILIPPPLEIN_sapogi_chernyj_2.JPG;FW16SW111355_PHILIPPPLEIN_sapogi_chernyj_3.JPG;
Сапоги ;Женщинам;Обувь;Сапоги;PHILIPP PLEIN;FW16SW111355;2000000078861;Черный;36;2;21950;21950;;Резина, металл;FW16SW111355_PHILIPPPLEIN_sapogi_chernyj_1.JPG;FW16SW111355_PHILIPPPLEIN_sapogi_chernyj_2.JPG;FW16SW111355_PHILIPPPLEIN_sapogi_chernyj_3.JPG;
Сапоги ;Женщинам;Обувь;Сапоги;PHILIPP PLEIN;FW16SW111355;2000000078854;Черный;37;2;21950;21950;;Резина, металл;FW16SW111355_PHILIPPPLEIN_sapogi_chernyj_1.JPG;FW16SW111355_PHILIPPPLEIN_sapogi_chernyj_2.JPG;FW16SW111355_PHILIPPPLEIN_sapogi_chernyj_3.JPG;
Сапоги ;Женщинам;Обувь;Сапоги;PHILIPP PLEIN;FW16SW111355;2000000078847;Черный;38;3;21950;21950;;Резина, металл;FW16SW111355_PHILIPPPLEIN_sapogi_chernyj_1.JPG;FW16SW111355_PHILIPPPLEIN_sapogi_chernyj_2.JPG;FW16SW111355_PHILIPPPLEIN_sapogi_chernyj_3.JPG;
Сапоги ;Женщинам;Обувь;Сапоги;PHILIPP PLEIN;FW16SW111355;2000000078830;Черный;39;2;21950;21950;;Резина, металл;FW16SW111355_PHILIPPPLEIN_sapogi_chernyj_1.JPG;FW16SW111355_PHILIPPPLEIN_sapogi_chernyj_2.JPG;FW16SW111355_PHILIPPPLEIN_sapogi_chernyj_3.JPG;
Сапоги ;Женщинам;Обувь;Сапоги;PHILIPP PLEIN;FW16SW034178;2000000078403;Черный;36;1;35600;35600;;Натуральная кожа;FW16SW034178_PHILIPPPLEIN_sapogi_chernyj_1.JPG;FW16SW034178_PHILIPPPLEIN_sapogi_chernyj_2.JPG;FW16SW034178_PHILIPPPLEIN_sapogi_chernyj_3.JPG;
Сапоги ;Женщинам;Обувь;Сапоги;PHILIPP PLEIN;FW16SW034178;2000000078397;Черный;37;1;35600;35600;;Натуральная кожа;FW16SW034178_PHILIPPPLEIN_sapogi_chernyj_1.JPG;FW16SW034178_PHILIPPPLEIN_sapogi_chernyj_2.JPG;FW16SW034178_PHILIPPPLEIN_sapogi_chernyj_3.JPG;
Сапоги ;Женщинам;Обувь;Сапоги;PHILIPP PLEIN;FW16SW034178;2000000078380;Черный;38;1;35600;35600;;Натуральная кожа;FW16SW034178_PHILIPPPLEIN_sapogi_chernyj_1.JPG;FW16SW034178_PHILIPPPLEIN_sapogi_chernyj_2.JPG;FW16SW034178_PHILIPPPLEIN_sapogi_chernyj_3.JPG;
Сапоги ;Женщинам;Обувь;Сапоги;PHILIPP PLEIN;FW16SW034178;2000000078373;Черный;39;1;35600;35600;;Натуральная кожа;FW16SW034178_PHILIPPPLEIN_sapogi_chernyj_1.JPG;FW16SW034178_PHILIPPPLEIN_sapogi_chernyj_2.JPG;FW16SW034178_PHILIPPPLEIN_sapogi_chernyj_3.JPG;
Сапоги ;Женщинам;Обувь;Сапоги;PHILIPP PLEIN;FW16SW034178;2000000078366;Черный;40;1;35600;35600;;Натуральная кожа;FW16SW034178_PHILIPPPLEIN_sapogi_chernyj_1.JPG;FW16SW034178_PHILIPPPLEIN_sapogi_chernyj_2.JPG;FW16SW034178_PHILIPPPLEIN_sapogi_chernyj_3.JPG;
Сапоги ;Женщинам;Обувь;Сапоги;PHILIPP PLEIN;FW16SW034177;2000000078359;Черный;36;1;31750;31750;;Натуральная замша;FW16SW034177_PHILIPPPLEIN_sapogi_chernyj_1.JPG;FW16SW034177_PHILIPPPLEIN_sapogi_chernyj_2.JPG;FW16SW034177_PHILIPPPLEIN_sapogi_chernyj_3.JPG;
Сапоги ;Женщинам;Обувь;Сапоги;PHILIPP PLEIN;FW16SW034177;2000000078342;Черный;37;1;31750;31750;;Натуральная замша;FW16SW034177_PHILIPPPLEIN_sapogi_chernyj_1.JPG;FW16SW034177_PHILIPPPLEIN_sapogi_chernyj_2.JPG;FW16SW034177_PHILIPPPLEIN_sapogi_chernyj_3.JPG;
Сапоги ;Женщинам;Обувь;Сапоги;PHILIPP PLEIN;FW16SW034177;2000000078335;Черный;38;1;31750;31750;;Натуральная замша;FW16SW034177_PHILIPPPLEIN_sapogi_chernyj_1.JPG;FW16SW034177_PHILIPPPLEIN_sapogi_chernyj_2.JPG;FW16SW034177_PHILIPPPLEIN_sapogi_chernyj_3.JPG;
Сапоги ;Женщинам;Обувь;Сапоги;PHILIPP PLEIN;FW16SW034177;2000000078328;Черный;40;1;31750;31750;;Натуральная замша;FW16SW034177_PHILIPPPLEIN_sapogi_chernyj_1.JPG;FW16SW034177_PHILIPPPLEIN_sapogi_chernyj_2.JPG;FW16SW034177_PHILIPPPLEIN_sapogi_chernyj_3.JPG;
Сапоги ;Женщинам;Обувь;Сапоги;PHILIPP PLEIN;FW16SW111360;2000000078922;Черный;36;2;17000;17000;;Резина;FW16SW111360_PHILIPPPLEIN_sapogi_chernyj_1.JPG;FW16SW111360_PHILIPPPLEIN_sapogi_chernyj_2.JPG;FW16SW111360_PHILIPPPLEIN_sapogi_chernyj_3.JPG;
Сапоги ;Женщинам;Обувь;Сапоги;PHILIPP PLEIN;FW16SW111360;2000000078915;Черный;37;2;17000;17000;;Резина;FW16SW111360_PHILIPPPLEIN_sapogi_chernyj_1.JPG;FW16SW111360_PHILIPPPLEIN_sapogi_chernyj_2.JPG;FW16SW111360_PHILIPPPLEIN_sapogi_chernyj_3.JPG;
Сапоги ;Женщинам;Обувь;Сапоги;PHILIPP PLEIN;FW16SW111360;2000000078908;Черный;38;2;17000;17000;;Резина;FW16SW111360_PHILIPPPLEIN_sapogi_chernyj_1.JPG;FW16SW111360_PHILIPPPLEIN_sapogi_chernyj_2.JPG;FW16SW111360_PHILIPPPLEIN_sapogi_chernyj_3.JPG;
Сапоги ;Женщинам;Обувь;Сапоги;PHILIPP PLEIN;FW16SW111360;2000000078892;Черный;39;3;17000;17000;;Резина;FW16SW111360_PHILIPPPLEIN_sapogi_chernyj_1.JPG;FW16SW111360_PHILIPPPLEIN_sapogi_chernyj_2.JPG;FW16SW111360_PHILIPPPLEIN_sapogi_chernyj_3.JPG;
Сапоги ;Женщинам;Обувь;Сапоги;PHILIPP PLEIN;FW16SW111360;2000000078885;Черный;40;2;17000;17000;;Резина;FW16SW111360_PHILIPPPLEIN_sapogi_chernyj_1.JPG;FW16SW111360_PHILIPPPLEIN_sapogi_chernyj_2.JPG;FW16SW111360_PHILIPPPLEIN_sapogi_chernyj_3.JPG;
Сапоги ;Женщинам;Обувь;Сапоги;PHILIPP PLEIN;FW16SW111356;2000000079202;Черный;36;1;23950;23950;;Резина;FW16SW111356_PHILIPPPLEIN_sapogi_chernyj_1.JPG;FW16SW111356_PHILIPPPLEIN_sapogi_chernyj_2.JPG;FW16SW111356_PHILIPPPLEIN_sapogi_chernyj_3.JPG;
Сапоги ;Женщинам;Обувь;Сапоги;PHILIPP PLEIN;FW16SW111356;2000000079196;Черный;37;1;23950;23950;;Резина;FW16SW111356_PHILIPPPLEIN_sapogi_chernyj_1.JPG;FW16SW111356_PHILIPPPLEIN_sapogi_chernyj_2.JPG;FW16SW111356_PHILIPPPLEIN_sapogi_chernyj_3.JPG;
Сапоги ;Женщинам;Обувь;Сапоги;PHILIPP PLEIN;FW16SW111356;2000000079189;Черный;38;1;23950;23950;;Резина;FW16SW111356_PHILIPPPLEIN_sapogi_chernyj_1.JPG;FW16SW111356_PHILIPPPLEIN_sapogi_chernyj_2.JPG;FW16SW111356_PHILIPPPLEIN_sapogi_chernyj_3.JPG;
Сапоги ;Женщинам;Обувь;Сапоги;PHILIPP PLEIN;FW16SW111356;2000000079172;Черный;39;1;23950;23950;;Резина;FW16SW111356_PHILIPPPLEIN_sapogi_chernyj_1.JPG;FW16SW111356_PHILIPPPLEIN_sapogi_chernyj_2.JPG;FW16SW111356_PHILIPPPLEIN_sapogi_chernyj_3.JPG;
Слиперы;Женщинам;Обувь;Обувь без каблука;PHILIPP PLEIN;FW16SW141730;2000000079059;Черный;36;1;21950;21950;;Натуральная кожа;FW16SW141730_PHILIPPPLEIN_slipery_chernyj_1.JPG;FW16SW141730_PHILIPPPLEIN_slipery_chernyj_2.JPG;FW16SW141730_PHILIPPPLEIN_slipery_chernyj_3.JPG;
Слиперы;Женщинам;Обувь;Обувь без каблука;PHILIPP PLEIN;FW16SW141730;2000000079042;Черный;37;2;21950;21950;;Натуральная кожа;FW16SW141730_PHILIPPPLEIN_slipery_chernyj_1.JPG;FW16SW141730_PHILIPPPLEIN_slipery_chernyj_2.JPG;FW16SW141730_PHILIPPPLEIN_slipery_chernyj_3.JPG;
Слиперы;Женщинам;Обувь;Обувь без каблука;PHILIPP PLEIN;FW16SW141730;2000000079035;Черный;38;1;21950;21950;;Натуральная кожа;FW16SW141730_PHILIPPPLEIN_slipery_chernyj_1.JPG;FW16SW141730_PHILIPPPLEIN_slipery_chernyj_2.JPG;FW16SW141730_PHILIPPPLEIN_slipery_chernyj_3.JPG;
Слиперы;Женщинам;Обувь;Обувь без каблука;PHILIPP PLEIN;FW16SW141730;2000000079028;Черный;39;2;21950;21950;;Натуральная кожа;FW16SW141730_PHILIPPPLEIN_slipery_chernyj_1.JPG;FW16SW141730_PHILIPPPLEIN_slipery_chernyj_2.JPG;FW16SW141730_PHILIPPPLEIN_slipery_chernyj_3.JPG;
Слиперы;Женщинам;Обувь;Обувь без каблука;PHILIPP PLEIN;FW16SW141730;2000000079011;Черный;40;2;21950;21950;;Натуральная кожа;FW16SW141730_PHILIPPPLEIN_slipery_chernyj_1.JPG;FW16SW141730_PHILIPPPLEIN_slipery_chernyj_2.JPG;FW16SW141730_PHILIPPPLEIN_slipery_chernyj_3.JPG;
Сникерсы;Женщинам;Обувь;Спортивная обувь;PHILIPP PLEIN;FW16SW161448;2000000077963;Черный;36;1;19650;19650;;Натуральная кожа, коттон;FW16SW161448_PHILIPPPLEIN_snikersy_chernyj_1.JPG;FW16SW161448_PHILIPPPLEIN_snikersy_chernyj_2.JPG;FW16SW161448_PHILIPPPLEIN_snikersy_chernyj_3.JPG;
Сникерсы;Женщинам;Обувь;Спортивная обувь;PHILIPP PLEIN;FW16SW161448;2000000077932;Черный;39;1;19650;19650;;Натуральная кожа, коттон;FW16SW161448_PHILIPPPLEIN_snikersy_chernyj_1.JPG;FW16SW161448_PHILIPPPLEIN_snikersy_chernyj_2.JPG;FW16SW161448_PHILIPPPLEIN_snikersy_chernyj_3.JPG;
Сникерсы;Женщинам;Обувь;Спортивная обувь;PHILIPP PLEIN;FW16SW161448;2000000077925;Черный;40;1;19650;19650;;Натуральная кожа, коттон;FW16SW161448_PHILIPPPLEIN_snikersy_chernyj_1.JPG;FW16SW161448_PHILIPPPLEIN_snikersy_chernyj_2.JPG;FW16SW161448_PHILIPPPLEIN_snikersy_chernyj_3.JPG;
Сникерсы;Женщинам;Обувь;Спортивная обувь;PHILIPP PLEIN;FW16SW164173;2000000078014;Черный;36;1;21450;21450;;Натуральная кожа;FW16SW164173_PHILIPPPLEIN_snikersy_chernyj_1.JPG;FW16SW164173_PHILIPPPLEIN_snikersy_chernyj_2.JPG;FW16SW164173_PHILIPPPLEIN_snikersy_chernyj_3.JPG;
Сникерсы;Женщинам;Обувь;Спортивная обувь;PHILIPP PLEIN;FW16SW164173;2000000077994;Черный;38;1;21450;21450;;Натуральная кожа;FW16SW164173_PHILIPPPLEIN_snikersy_chernyj_1.JPG;FW16SW164173_PHILIPPPLEIN_snikersy_chernyj_2.JPG;FW16SW164173_PHILIPPPLEIN_snikersy_chernyj_3.JPG;
Сникерсы;Женщинам;Обувь;Спортивная обувь;PHILIPP PLEIN;FW16SW164173;2000000077987;Черный;39;1;21450;21450;;Натуральная кожа;FW16SW164173_PHILIPPPLEIN_snikersy_chernyj_1.JPG;FW16SW164173_PHILIPPPLEIN_snikersy_chernyj_2.JPG;FW16SW164173_PHILIPPPLEIN_snikersy_chernyj_3.JPG;
Сникерсы;Женщинам;Обувь;Спортивная обувь;PHILIPP PLEIN;FW16SW164173;2000000077970;Черный;40;1;21450;21450;;Натуральная кожа;FW16SW164173_PHILIPPPLEIN_snikersy_chernyj_1.JPG;FW16SW164173_PHILIPPPLEIN_snikersy_chernyj_2.JPG;FW16SW164173_PHILIPPPLEIN_snikersy_chernyj_3.JPG;
Сумка ;Женщинам;Сумки;Сумки;PHILIPP PLEIN;FW16AW942300;2000000078724;Черный;UNI;1;89200;89200;;Натуральная кожа;FW16AW942300_PHILIPPPLEIN_sumka_chernyj_1.JPG;FW16AW942300_PHILIPPPLEIN_sumka_chernyj_2.JPG;FW16AW942300_PHILIPPPLEIN_sumka_chernyj_3.JPG;FW16AW942300_PHILIPPPLEIN_sumka_chernyj_4.JPG
Сумка ;Женщинам;Сумки;Сумки;PHILIPP PLEIN;FW16AW914435;2000000078526;Мульти;UNI;1;59450;59450;;Натуральная кожа;FW16AW914435_PHILIPPPLEIN_sumka_zolotojchernyj_1.JPG;FW16AW914435_PHILIPPPLEIN_sumka_zolotojchernyj_2.JPG;FW16AW914435_PHILIPPPLEIN_sumka_zolotojchernyj_3.JPG;FW16AW914435_PHILIPPPLEIN_sumka_zolotojchernyj_4.JPG
Сумка ;Женщинам;Сумки;Сумки;PHILIPP PLEIN;FW16AW914408p;2000000079547;Мульти;UNI;1;74600;74600;;Натуральнеая кожа питона;FW16AW914408p_PHILIPPPLEIN_sumka_seryjchernyj_1.JPG;FW16AW914408p_PHILIPPPLEIN_sumka_seryjchernyj_2.JPG;FW16AW914408p_PHILIPPPLEIN_sumka_seryjchernyj_3.JPG;FW16AW914408p_PHILIPPPLEIN_sumka_seryjchernyj_4.JPG
Сумка ;Женщинам;Сумки;Сумки;PHILIPP PLEIN;FW16AW944424;2000000078731;Черный;UNI;1;82650;82650;;Натуральная кожа;FW16AW944424_PHILIPPPLEIN_sumka_chernyj_1.JPG;FW16AW944424_PHILIPPPLEIN_sumka_chernyj_2.JPG;FW16AW944424_PHILIPPPLEIN_sumka_chernyj_3.JPG;FW16AW944424_PHILIPPPLEIN_sumka_chernyj_4.JPG
Ботинки;Мужчинам;Обувь;Ботинки и сапоги;PHILIPP PLEIN;FW16SM162611;2000000078250;Черный;40;2;26650;26650;;Натуральная замша, кожа;FW16SM162611_PHILIPPPLEIN_botinki_chernyj_1.JPG;FW16SM162611_PHILIPPPLEIN_botinki_chernyj_2.JPG;FW16SM162611_PHILIPPPLEIN_botinki_chernyj_3.JPG;
Ботинки;Мужчинам;Обувь;Ботинки и сапоги;PHILIPP PLEIN;FW16SM162611;2000000078243;Черный;41;2;26650;26650;;Натуральная замша, кожа;FW16SM162611_PHILIPPPLEIN_botinki_chernyj_1.JPG;FW16SM162611_PHILIPPPLEIN_botinki_chernyj_2.JPG;FW16SM162611_PHILIPPPLEIN_botinki_chernyj_3.JPG;
Ботинки;Мужчинам;Обувь;Ботинки и сапоги;PHILIPP PLEIN;FW16SM162611;2000000078236;Черный;42;1;26650;26650;;Натуральная замша, кожа;FW16SM162611_PHILIPPPLEIN_botinki_chernyj_1.JPG;FW16SM162611_PHILIPPPLEIN_botinki_chernyj_2.JPG;FW16SM162611_PHILIPPPLEIN_botinki_chernyj_3.JPG;
Ботинки;Мужчинам;Обувь;Ботинки и сапоги;PHILIPP PLEIN;FW16SM162611;2000000078229;Черный;43;2;26650;26650;;Натуральная замша, кожа;FW16SM162611_PHILIPPPLEIN_botinki_chernyj_1.JPG;FW16SM162611_PHILIPPPLEIN_botinki_chernyj_2.JPG;FW16SM162611_PHILIPPPLEIN_botinki_chernyj_3.JPG;
Ботинки;Мужчинам;Обувь;Ботинки и сапоги;PHILIPP PLEIN;FW16SM162611;2000000078212;Черный;45;1;26650;26650;;Натуральная замша, кожа;FW16SM162611_PHILIPPPLEIN_botinki_chernyj_1.JPG;FW16SM162611_PHILIPPPLEIN_botinki_chernyj_2.JPG;FW16SM162611_PHILIPPPLEIN_botinki_chernyj_3.JPG;
Ботинки;Мужчинам;Обувь;Ботинки и сапоги;PHILIPP PLEIN;FW16SM162634;2000000078311;Черный;40;1;25450;25450;;Натуральная кожа;FW16SM162634_PHILIPPPLEIN_botinki_chernyj_1.JPG;FW16SM162634_PHILIPPPLEIN_botinki_chernyj_2.JPG;FW16SM162634_PHILIPPPLEIN_botinki_chernyj_3.JPG;
Ботинки;Мужчинам;Обувь;Ботинки и сапоги;PHILIPP PLEIN;FW16SM162634;2000000078304;Черный;41;1;25450;25450;;Натуральная кожа;FW16SM162634_PHILIPPPLEIN_botinki_chernyj_1.JPG;FW16SM162634_PHILIPPPLEIN_botinki_chernyj_2.JPG;FW16SM162634_PHILIPPPLEIN_botinki_chernyj_3.JPG;
Ботинки;Мужчинам;Обувь;Ботинки и сапоги;PHILIPP PLEIN;FW16SM162634;2000000078298;Черный;42;1;25450;25450;;Натуральная кожа;FW16SM162634_PHILIPPPLEIN_botinki_chernyj_1.JPG;FW16SM162634_PHILIPPPLEIN_botinki_chernyj_2.JPG;FW16SM162634_PHILIPPPLEIN_botinki_chernyj_3.JPG;
Ботинки;Мужчинам;Обувь;Ботинки и сапоги;PHILIPP PLEIN;FW16SM162634;2000000078281;Черный;43;1;25450;25450;;Натуральная кожа;FW16SM162634_PHILIPPPLEIN_botinki_chernyj_1.JPG;FW16SM162634_PHILIPPPLEIN_botinki_chernyj_2.JPG;FW16SM162634_PHILIPPPLEIN_botinki_chernyj_3.JPG;
Ботинки;Мужчинам;Обувь;Ботинки и сапоги;PHILIPP PLEIN;FW16SM162634;2000000078267;Черный;45;1;25450;25450;;Натуральная кожа;FW16SM162634_PHILIPPPLEIN_botinki_chernyj_1.JPG;FW16SM162634_PHILIPPPLEIN_botinki_chernyj_2.JPG;FW16SM162634_PHILIPPPLEIN_botinki_chernyj_3.JPG;
Кроссовки;Мужчинам;Обувь;Спортивная обувь;PHILIPP PLEIN;F016SM174647;2000000078076;Черный;40;1;23200;23200;;Натуральная кожа, полиамид;F016SM174647_PHILIPPPLEIN_krosovki_chernyj_1.JPG;F016SM174647_PHILIPPPLEIN_krosovki_chernyj_2.JPG;F016SM174647_PHILIPPPLEIN_krosovki_chernyj_3.JPG;
Кроссовки;Мужчинам;Обувь;Спортивная обувь;PHILIPP PLEIN;F016SM174647;2000000077727;Черный;44;1;23200;23200;;Натуральная кожа, полиамид;F016SM174647_PHILIPPPLEIN_krosovki_chernyj_1.JPG;F016SM174647_PHILIPPPLEIN_krosovki_chernyj_2.JPG;F016SM174647_PHILIPPPLEIN_krosovki_chernyj_3.JPG;
Кроссовки;Мужчинам;Обувь;Спортивная обувь;PHILIPP PLEIN;F016SM174647;2000000077710;Черный;45;1;23200;23200;;Натуральная кожа, полиамид;F016SM174647_PHILIPPPLEIN_krosovki_chernyj_1.JPG;F016SM174647_PHILIPPPLEIN_krosovki_chernyj_2.JPG;F016SM174647_PHILIPPPLEIN_krosovki_chernyj_3.JPG;
Кроссовки;Женщинам;Обувь;Спортивная обувь;PHILIPP PLEIN;FW16SW171048;2000000078489;Мульти;36;1;29050;29050;;Натуральная кожа;FW16SW171048_PHILIPPPLEIN_krosovki_sinijchernyj_1.JPG;FW16SW171048_PHILIPPPLEIN_krosovki_sinijchernyj_2.JPG;FW16SW171048_PHILIPPPLEIN_krosovki_sinijchernyj_3.JPG;
Кроссовки;Женщинам;Обувь;Спортивная обувь;PHILIPP PLEIN;FW16SW171048;2000000078472;Мульти;37;1;29050;29050;;Натуральная кожа;FW16SW171048_PHILIPPPLEIN_krosovki_sinijchernyj_1.JPG;FW16SW171048_PHILIPPPLEIN_krosovki_sinijchernyj_2.JPG;FW16SW171048_PHILIPPPLEIN_krosovki_sinijchernyj_3.JPG;
Кроссовки;Женщинам;Обувь;Спортивная обувь;PHILIPP PLEIN;FW16SW171048;2000000078458;Мульти;39;1;29050;29050;;Натуральная кожа;FW16SW171048_PHILIPPPLEIN_krosovki_sinijchernyj_1.JPG;FW16SW171048_PHILIPPPLEIN_krosovki_sinijchernyj_2.JPG;FW16SW171048_PHILIPPPLEIN_krosovki_sinijchernyj_3.JPG;
Кроссовки;Женщинам;Обувь;Спортивная обувь;PHILIPP PLEIN;FW16SW171048;2000000078441;Мульти;36;1;29050;29050;;Натуральная кожа;FW16SW171048_PHILIPPPLEIN_krosovki_krasnyjchernyj_1.JPG;FW16SW171048_PHILIPPPLEIN_krosovki_krasnyjchernyj_2.JPG;FW16SW171048_PHILIPPPLEIN_krosovki_krasnyjchernyj_3.JPG;
Кроссовки;Женщинам;Обувь;Спортивная обувь;PHILIPP PLEIN;FW16SW171048;2000000078427;Мульти;38;1;29050;29050;;Натуральная кожа;FW16SW171048_PHILIPPPLEIN_krosovki_krasnyjchernyj_1.JPG;FW16SW171048_PHILIPPPLEIN_krosovki_krasnyjchernyj_2.JPG;FW16SW171048_PHILIPPPLEIN_krosovki_krasnyjchernyj_3.JPG;
Кроссовки;Женщинам;Обувь;Спортивная обувь;PHILIPP PLEIN;FW16SW171048;2000000078410;Мульти;39;1;29050;29050;;Натуральная кожа;FW16SW171048_PHILIPPPLEIN_krosovki_krasnyjchernyj_1.JPG;FW16SW171048_PHILIPPPLEIN_krosovki_krasnyjchernyj_2.JPG;FW16SW171048_PHILIPPPLEIN_krosovki_krasnyjchernyj_3.JPG;
Сапоги ;Женщинам;Обувь;Сапоги;PHILIPP PLEIN;FW16SW111355;2000000078878;Черный;35;1;21950;21950;;Резина, металл;FW16SW111355_PHILIPPPLEIN_sapogi_chernyj_1.JPG;FW16SW111355_PHILIPPPLEIN_sapogi_chernyj_2.JPG;FW16SW111355_PHILIPPPLEIN_sapogi_chernyj_3.JPG;
Сапоги ;Женщинам;Обувь;Сапоги;PHILIPP PLEIN;FW16SW111355;2000000078861;Черный;36;2;21950;21950;;Резина, металл;FW16SW111355_PHILIPPPLEIN_sapogi_chernyj_1.JPG;FW16SW111355_PHILIPPPLEIN_sapogi_chernyj_2.JPG;FW16SW111355_PHILIPPPLEIN_sapogi_chernyj_3.JPG;
Сапоги ;Женщинам;Обувь;Сапоги;PHILIPP PLEIN;FW16SW111355;2000000078854;Черный;37;2;21950;21950;;Резина, металл;FW16SW111355_PHILIPPPLEIN_sapogi_chernyj_1.JPG;FW16SW111355_PHILIPPPLEIN_sapogi_chernyj_2.JPG;FW16SW111355_PHILIPPPLEIN_sapogi_chernyj_3.JPG;
Сапоги ;Женщинам;Обувь;Сапоги;PHILIPP PLEIN;FW16SW111355;2000000078847;Черный;38;3;21950;21950;;Резина, металл;FW16SW111355_PHILIPPPLEIN_sapogi_chernyj_1.JPG;FW16SW111355_PHILIPPPLEIN_sapogi_chernyj_2.JPG;FW16SW111355_PHILIPPPLEIN_sapogi_chernyj_3.JPG;
Сапоги ;Женщинам;Обувь;Сапоги;PHILIPP PLEIN;FW16SW111355;2000000078830;Черный;39;2;21950;21950;;Резина, металл;FW16SW111355_PHILIPPPLEIN_sapogi_chernyj_1.JPG;FW16SW111355_PHILIPPPLEIN_sapogi_chernyj_2.JPG;FW16SW111355_PHILIPPPLEIN_sapogi_chernyj_3.JPG;
Сапоги ;Женщинам;Обувь;Сапоги;PHILIPP PLEIN;FW16SW034178;2000000078403;Черный;36;1;35600;35600;;Натуральная кожа;FW16SW034178_PHILIPPPLEIN_sapogi_chernyj_1.JPG;FW16SW034178_PHILIPPPLEIN_sapogi_chernyj_2.JPG;FW16SW034178_PHILIPPPLEIN_sapogi_chernyj_3.JPG;
Сапоги ;Женщинам;Обувь;Сапоги;PHILIPP PLEIN;FW16SW034178;2000000078397;Черный;37;1;35600;35600;;Натуральная кожа;FW16SW034178_PHILIPPPLEIN_sapogi_chernyj_1.JPG;FW16SW034178_PHILIPPPLEIN_sapogi_chernyj_2.JPG;FW16SW034178_PHILIPPPLEIN_sapogi_chernyj_3.JPG;
Сапоги ;Женщинам;Обувь;Сапоги;PHILIPP PLEIN;FW16SW034178;2000000078380;Черный;38;1;35600;35600;;Натуральная кожа;FW16SW034178_PHILIPPPLEIN_sapogi_chernyj_1.JPG;FW16SW034178_PHILIPPPLEIN_sapogi_chernyj_2.JPG;FW16SW034178_PHILIPPPLEIN_sapogi_chernyj_3.JPG;
Сапоги ;Женщинам;Обувь;Сапоги;PHILIPP PLEIN;FW16SW034178;2000000078373;Черный;39;1;35600;35600;;Натуральная кожа;FW16SW034178_PHILIPPPLEIN_sapogi_chernyj_1.JPG;FW16SW034178_PHILIPPPLEIN_sapogi_chernyj_2.JPG;FW16SW034178_PHILIPPPLEIN_sapogi_chernyj_3.JPG;
Сапоги ;Женщинам;Обувь;Сапоги;PHILIPP PLEIN;FW16SW034178;2000000078366;Черный;40;1;35600;35600;;Натуральная кожа;FW16SW034178_PHILIPPPLEIN_sapogi_chernyj_1.JPG;FW16SW034178_PHILIPPPLEIN_sapogi_chernyj_2.JPG;FW16SW034178_PHILIPPPLEIN_sapogi_chernyj_3.JPG;
Сапоги ;Женщинам;Обувь;Сапоги;PHILIPP PLEIN;FW16SW034177;2000000078359;Черный;36;1;31750;31750;;Натуральная замша;FW16SW034177_PHILIPPPLEIN_sapogi_chernyj_1.JPG;FW16SW034177_PHILIPPPLEIN_sapogi_chernyj_2.JPG;FW16SW034177_PHILIPPPLEIN_sapogi_chernyj_3.JPG;
Сапоги ;Женщинам;Обувь;Сапоги;PHILIPP PLEIN;FW16SW034177;2000000078342;Черный;37;1;31750;31750;;Натуральная замша;FW16SW034177_PHILIPPPLEIN_sapogi_chernyj_1.JPG;FW16SW034177_PHILIPPPLEIN_sapogi_chernyj_2.JPG;FW16SW034177_PHILIPPPLEIN_sapogi_chernyj_3.JPG;
Сапоги ;Женщинам;Обувь;Сапоги;PHILIPP PLEIN;FW16SW034177;2000000078335;Черный;38;1;31750;31750;;Натуральная замша;FW16SW034177_PHILIPPPLEIN_sapogi_chernyj_1.JPG;FW16SW034177_PHILIPPPLEIN_sapogi_chernyj_2.JPG;FW16SW034177_PHILIPPPLEIN_sapogi_chernyj_3.JPG;
Сапоги ;Женщинам;Обувь;Сапоги;PHILIPP PLEIN;FW16SW034177;2000000078328;Черный;40;1;31750;31750;;Натуральная замша;FW16SW034177_PHILIPPPLEIN_sapogi_chernyj_1.JPG;FW16SW034177_PHILIPPPLEIN_sapogi_chernyj_2.JPG;FW16SW034177_PHILIPPPLEIN_sapogi_chernyj_3.JPG;
Сапоги ;Женщинам;Обувь;Сапоги;PHILIPP PLEIN;FW16SW111360;2000000078922;Черный;36;2;17000;17000;;Резина;FW16SW111360_PHILIPPPLEIN_sapogi_chernyj_1.JPG;FW16SW111360_PHILIPPPLEIN_sapogi_chernyj_2.JPG;FW16SW111360_PHILIPPPLEIN_sapogi_chernyj_3.JPG;
Сапоги ;Женщинам;Обувь;Сапоги;PHILIPP PLEIN;FW16SW111360;2000000078915;Черный;37;2;17000;17000;;Резина;FW16SW111360_PHILIPPPLEIN_sapogi_chernyj_1.JPG;FW16SW111360_PHILIPPPLEIN_sapogi_chernyj_2.JPG;FW16SW111360_PHILIPPPLEIN_sapogi_chernyj_3.JPG;
Сапоги ;Женщинам;Обувь;Сапоги;PHILIPP PLEIN;FW16SW111360;2000000078908;Черный;38;2;17000;17000;;Резина;FW16SW111360_PHILIPPPLEIN_sapogi_chernyj_1.JPG;FW16SW111360_PHILIPPPLEIN_sapogi_chernyj_2.JPG;FW16SW111360_PHILIPPPLEIN_sapogi_chernyj_3.JPG;
Сапоги ;Женщинам;Обувь;Сапоги;PHILIPP PLEIN;FW16SW111360;2000000078892;Черный;39;3;17000;17000;;Резина;FW16SW111360_PHILIPPPLEIN_sapogi_chernyj_1.JPG;FW16SW111360_PHILIPPPLEIN_sapogi_chernyj_2.JPG;FW16SW111360_PHILIPPPLEIN_sapogi_chernyj_3.JPG;
Сапоги ;Женщинам;Обувь;Сапоги;PHILIPP PLEIN;FW16SW111360;2000000078885;Черный;40;2;17000;17000;;Резина;FW16SW111360_PHILIPPPLEIN_sapogi_chernyj_1.JPG;FW16SW111360_PHILIPPPLEIN_sapogi_chernyj_2.JPG;FW16SW111360_PHILIPPPLEIN_sapogi_chernyj_3.JPG;
Сапоги ;Женщинам;Обувь;Сапоги;PHILIPP PLEIN;FW16SW111356;2000000079202;Черный;36;1;23950;23950;;Резина;FW16SW111356_PHILIPPPLEIN_sapogi_chernyj_1.JPG;FW16SW111356_PHILIPPPLEIN_sapogi_chernyj_2.JPG;FW16SW111356_PHILIPPPLEIN_sapogi_chernyj_3.JPG;
Сапоги ;Женщинам;Обувь;Сапоги;PHILIPP PLEIN;FW16SW111356;2000000079196;Черный;37;1;23950;23950;;Резина;FW16SW111356_PHILIPPPLEIN_sapogi_chernyj_1.JPG;FW16SW111356_PHILIPPPLEIN_sapogi_chernyj_2.JPG;FW16SW111356_PHILIPPPLEIN_sapogi_chernyj_3.JPG;
Сапоги ;Женщинам;Обувь;Сапоги;PHILIPP PLEIN;FW16SW111356;2000000079189;Черный;38;1;23950;23950;;Резина;FW16SW111356_PHILIPPPLEIN_sapogi_chernyj_1.JPG;FW16SW111356_PHILIPPPLEIN_sapogi_chernyj_2.JPG;FW16SW111356_PHILIPPPLEIN_sapogi_chernyj_3.JPG;
Сапоги ;Женщинам;Обувь;Сапоги;PHILIPP PLEIN;FW16SW111356;2000000079172;Черный;39;1;23950;23950;;Резина;FW16SW111356_PHILIPPPLEIN_sapogi_chernyj_1.JPG;FW16SW111356_PHILIPPPLEIN_sapogi_chernyj_2.JPG;FW16SW111356_PHILIPPPLEIN_sapogi_chernyj_3.JPG;
Слиперы;Женщинам;Обувь;Обувь без каблука;PHILIPP PLEIN;FW16SW141730;2000000079059;Черный;36;1;21950;21950;;Натуральная кожа;FW16SW141730_PHILIPPPLEIN_slipery_chernyj_1.JPG;FW16SW141730_PHILIPPPLEIN_slipery_chernyj_2.JPG;FW16SW141730_PHILIPPPLEIN_slipery_chernyj_3.JPG;
Слиперы;Женщинам;Обувь;Обувь без каблука;PHILIPP PLEIN;FW16SW141730;2000000079042;Черный;37;2;21950;21950;;Натуральная кожа;FW16SW141730_PHILIPPPLEIN_slipery_chernyj_1.JPG;FW16SW141730_PHILIPPPLEIN_slipery_chernyj_2.JPG;FW16SW141730_PHILIPPPLEIN_slipery_chernyj_3.JPG;
Слиперы;Женщинам;Обувь;Обувь без каблука;PHILIPP PLEIN;FW16SW141730;2000000079035;Черный;38;1;21950;21950;;Натуральная кожа;FW16SW141730_PHILIPPPLEIN_slipery_chernyj_1.JPG;FW16SW141730_PHILIPPPLEIN_slipery_chernyj_2.JPG;FW16SW141730_PHILIPPPLEIN_slipery_chernyj_3.JPG;
Слиперы;Женщинам;Обувь;Обувь без каблука;PHILIPP PLEIN;FW16SW141730;2000000079028;Черный;39;2;21950;21950;;Натуральная кожа;FW16SW141730_PHILIPPPLEIN_slipery_chernyj_1.JPG;FW16SW141730_PHILIPPPLEIN_slipery_chernyj_2.JPG;FW16SW141730_PHILIPPPLEIN_slipery_chernyj_3.JPG;
Слиперы;Женщинам;Обувь;Обувь без каблука;PHILIPP PLEIN;FW16SW141730;2000000079011;Черный;40;2;21950;21950;;Натуральная кожа;FW16SW141730_PHILIPPPLEIN_slipery_chernyj_1.JPG;FW16SW141730_PHILIPPPLEIN_slipery_chernyj_2.JPG;FW16SW141730_PHILIPPPLEIN_slipery_chernyj_3.JPG;
Сникерсы;Женщинам;Обувь;Спортивная обувь;PHILIPP PLEIN;FW16SW161448;2000000077963;Черный;36;1;19650;19650;;Натуральная кожа, коттон;FW16SW161448_PHILIPPPLEIN_snikersy_chernyj_1.JPG;FW16SW161448_PHILIPPPLEIN_snikersy_chernyj_2.JPG;FW16SW161448_PHILIPPPLEIN_snikersy_chernyj_3.JPG;
Сникерсы;Женщинам;Обувь;Спортивная обувь;PHILIPP PLEIN;FW16SW161448;2000000077932;Черный;39;1;19650;19650;;Натуральная кожа, коттон;FW16SW161448_PHILIPPPLEIN_snikersy_chernyj_1.JPG;FW16SW161448_PHILIPPPLEIN_snikersy_chernyj_2.JPG;FW16SW161448_PHILIPPPLEIN_snikersy_chernyj_3.JPG;
Сникерсы;Женщинам;Обувь;Спортивная обувь;PHILIPP PLEIN;FW16SW161448;2000000077925;Черный;40;1;19650;19650;;Натуральная кожа, коттон;FW16SW161448_PHILIPPPLEIN_snikersy_chernyj_1.JPG;FW16SW161448_PHILIPPPLEIN_snikersy_chernyj_2.JPG;FW16SW161448_PHILIPPPLEIN_snikersy_chernyj_3.JPG;
Сникерсы;Женщинам;Обувь;Спортивная обувь;PHILIPP PLEIN;FW16SW164173;2000000078014;Черный;36;1;21450;21450;;Натуральная кожа;FW16SW164173_PHILIPPPLEIN_snikersy_chernyj_1.JPG;FW16SW164173_PHILIPPPLEIN_snikersy_chernyj_2.JPG;FW16SW164173_PHILIPPPLEIN_snikersy_chernyj_3.JPG;
Сникерсы;Женщинам;Обувь;Спортивная обувь;PHILIPP PLEIN;FW16SW164173;2000000077994;Черный;38;1;21450;21450;;Натуральная кожа;FW16SW164173_PHILIPPPLEIN_snikersy_chernyj_1.JPG;FW16SW164173_PHILIPPPLEIN_snikersy_chernyj_2.JPG;FW16SW164173_PHILIPPPLEIN_snikersy_chernyj_3.JPG;
Сникерсы;Женщинам;Обувь;Спортивная обувь;PHILIPP PLEIN;FW16SW164173;2000000077987;Черный;39;1;21450;21450;;Натуральная кожа;FW16SW164173_PHILIPPPLEIN_snikersy_chernyj_1.JPG;FW16SW164173_PHILIPPPLEIN_snikersy_chernyj_2.JPG;FW16SW164173_PHILIPPPLEIN_snikersy_chernyj_3.JPG;
Сникерсы;Женщинам;Обувь;Спортивная обувь;PHILIPP PLEIN;FW16SW164173;2000000077970;Черный;40;1;21450;21450;;Натуральная кожа;FW16SW164173_PHILIPPPLEIN_snikersy_chernyj_1.JPG;FW16SW164173_PHILIPPPLEIN_snikersy_chernyj_2.JPG;FW16SW164173_PHILIPPPLEIN_snikersy_chernyj_3.JPG;
Сумка ;Женщинам;Сумки;Сумки;PHILIPP PLEIN;FW16AW942300;2000000078724;Черный;UNI;1;89200;89200;;Натуральная кожа;FW16AW942300_PHILIPPPLEIN_sumka_chernyj_1.JPG;FW16AW942300_PHILIPPPLEIN_sumka_chernyj_2.JPG;FW16AW942300_PHILIPPPLEIN_sumka_chernyj_3.JPG;FW16AW942300_PHILIPPPLEIN_sumka_chernyj_4.JPG
Сумка ;Женщинам;Сумки;Сумки;PHILIPP PLEIN;FW16AW914408p;2000000079547;Мульти;UNI;1;74600;74600;;Натуральнеая кожа питона;FW16AW914408p_PHILIPPPLEIN_sumka_seryjchernyj_1.JPG;FW16AW914408p_PHILIPPPLEIN_sumka_seryjchernyj_2.JPG;FW16AW914408p_PHILIPPPLEIN_sumka_seryjchernyj_3.JPG;FW16AW914408p_PHILIPPPLEIN_sumka_seryjchernyj_4.JPG
Сумка ;Женщинам;Сумки;Сумки;PHILIPP PLEIN;FW16AW944424;2000000078731;Черный;UNI;1;82650;82650;;Натуральная кожа;FW16AW944424_PHILIPPPLEIN_sumka_chernyj_1.JPG;FW16AW944424_PHILIPPPLEIN_sumka_chernyj_2.JPG;FW16AW944424_PHILIPPPLEIN_sumka_chernyj_3.JPG;FW16AW944424_PHILIPPPLEIN_sumka_chernyj_4.JPG
Ботинки;Мужчинам;Обувь;Ботинки и сапоги;PHILIPP PLEIN;FW16SM162611;2000000078250;Черный;40;2;26650;26650;;Натуральная замша, кожа;FW16SM162611_PHILIPPPLEIN_botinki_chernyj_1.JPG;FW16SM162611_PHILIPPPLEIN_botinki_chernyj_2.JPG;FW16SM162611_PHILIPPPLEIN_botinki_chernyj_3.JPG;
Ботинки;Мужчинам;Обувь;Ботинки и сапоги;PHILIPP PLEIN;FW16SM162611;2000000078243;Черный;41;2;26650;26650;;Натуральная замша, кожа;FW16SM162611_PHILIPPPLEIN_botinki_chernyj_1.JPG;FW16SM162611_PHILIPPPLEIN_botinki_chernyj_2.JPG;FW16SM162611_PHILIPPPLEIN_botinki_chernyj_3.JPG;
Ботинки;Мужчинам;Обувь;Ботинки и сапоги;PHILIPP PLEIN;FW16SM162611;2000000078236;Черный;42;1;26650;26650;;Натуральная замша, кожа;FW16SM162611_PHILIPPPLEIN_botinki_chernyj_1.JPG;FW16SM162611_PHILIPPPLEIN_botinki_chernyj_2.JPG;FW16SM162611_PHILIPPPLEIN_botinki_chernyj_3.JPG;
Ботинки;Мужчинам;Обувь;Ботинки и сапоги;PHILIPP PLEIN;FW16SM162611;2000000078229;Черный;43;2;26650;26650;;Натуральная замша, кожа;FW16SM162611_PHILIPPPLEIN_botinki_chernyj_1.JPG;FW16SM162611_PHILIPPPLEIN_botinki_chernyj_2.JPG;FW16SM162611_PHILIPPPLEIN_botinki_chernyj_3.JPG;
Ботинки;Мужчинам;Обувь;Ботинки и сапоги;PHILIPP PLEIN;FW16SM162611;2000000078212;Черный;45;1;26650;26650;;Натуральная замша, кожа;FW16SM162611_PHILIPPPLEIN_botinki_chernyj_1.JPG;FW16SM162611_PHILIPPPLEIN_botinki_chernyj_2.JPG;FW16SM162611_PHILIPPPLEIN_botinki_chernyj_3.JPG;
Ботинки;Мужчинам;Обувь;Ботинки и сапоги;PHILIPP PLEIN;FW16SM162634;2000000078311;Черный;40;1;25450;25450;;Натуральная кожа;FW16SM162634_PHILIPPPLEIN_botinki_chernyj_1.JPG;FW16SM162634_PHILIPPPLEIN_botinki_chernyj_2.JPG;FW16SM162634_PHILIPPPLEIN_botinki_chernyj_3.JPG;
Ботинки;Мужчинам;Обувь;Ботинки и сапоги;PHILIPP PLEIN;FW16SM162634;2000000078304;Черный;41;1;25450;25450;;Натуральная кожа;FW16SM162634_PHILIPPPLEIN_botinki_chernyj_1.JPG;FW16SM162634_PHILIPPPLEIN_botinki_chernyj_2.JPG;FW16SM162634_PHILIPPPLEIN_botinki_chernyj_3.JPG;
Ботинки;Мужчинам;Обувь;Ботинки и сапоги;PHILIPP PLEIN;FW16SM162634;2000000078298;Черный;42;1;25450;25450;;Натуральная кожа;FW16SM162634_PHILIPPPLEIN_botinki_chernyj_1.JPG;FW16SM162634_PHILIPPPLEIN_botinki_chernyj_2.JPG;FW16SM162634_PHILIPPPLEIN_botinki_chernyj_3.JPG;
Ботинки;Мужчинам;Обувь;Ботинки и сапоги;PHILIPP PLEIN;FW16SM162634;2000000078281;Черный;43;1;25450;25450;;Натуральная кожа;FW16SM162634_PHILIPPPLEIN_botinki_chernyj_1.JPG;FW16SM162634_PHILIPPPLEIN_botinki_chernyj_2.JPG;FW16SM162634_PHILIPPPLEIN_botinki_chernyj_3.JPG;
Ботинки;Мужчинам;Обувь;Ботинки и сапоги;PHILIPP PLEIN;FW16SM162634;2000000078267;Черный;45;1;25450;25450;;Натуральная кожа;FW16SM162634_PHILIPPPLEIN_botinki_chernyj_1.JPG;FW16SM162634_PHILIPPPLEIN_botinki_chernyj_2.JPG;FW16SM162634_PHILIPPPLEIN_botinki_chernyj_3.JPG;
